id;nome;data_nascimento;data;cpf;identidade;pai;mae;foto;sexo
1;connecting Personal Loan Account monitor;2020-11-16T02:09:24;2020-11-16T07:47:53;35214;95927;Future Music;Cambridgeshire;Integration;FEMININO
2;deposit Bacon;2020-11-16T12:20:49;2020-11-15T20:23:31;5147;73633;Frozen Planner;programming;human-resource Refined Cotton Tuna;FEMININO
3;auxiliary overriding budgetary management;2020-11-15T21:57:16;2020-11-15T20:16:10;53333;55698;Fantastic Soft Pants;New Hampshire;Chair;OUTRO
4;card Christmas Island HDD;2020-11-16T06:56:38;2020-11-15T15:10:16;5191;59854;Borders;Berkshire Buckinghamshire interface;Interactions Ergonomic Personal Loan Account;MASCULINO
5;Borders;2020-11-15T21:05:13;2020-11-16T13:06:26;47598;24079;Strategist Pitcairn Islands Toys;Designer Internal;Personal Loan Account transmit Avon;MASCULINO
6;solution;2020-11-16T09:01:03;2020-11-16T13:34:05;1404;9744;Berkshire empowering;parse proactive;index;OUTRO
7;radical Borders;2020-11-15T14:50:49;2020-11-16T02:29:11;69306;47787;pixel Refined Rubber Soap programming;Concrete benchmark;aggregate Bedfordshire;MASCULINO
8;program;2020-11-16T03:23:33;2020-11-16T12:15:40;23452;75489;Facilitator convergence Cambridgeshire;Metrics Universal;morph cyan Road;OUTRO
9;Surinam Dollar payment invoice;2020-11-15T18:57:06;2020-11-15T18:40:59;8684;84227;plum;Palladium Lilangeni;program withdrawal;FEMININO
10;program Mississippi;2020-11-15T14:36:36;2020-11-16T00:02:09;29792;93540;core;programming PNG;calculate reinvent;FEMININO
